name,ancestry
レディース
メンズ
ベビー・キッズ
インテリア・住まい・小物
本・音楽・ゲーム
おもちゃ・ホビー・グッズ
コスメ・香水・美容,
家電・スマホ・カメラ
スポーツ・レジャー
ハンドメイド
チケット
自動車・オートバイ
その他
トップス,1
ジャケット/アウター,1
パンツ,1
スカート,1
ワンピース,1
靴,1
ルームウェア/パジャマ,1
レッグウェア,1
帽子,1
バッグ,1
アクセサリー,1
ヘアアクセサリー,1
小物,1
時計,1
ウィッグ/エクステ,1
浴衣/水着,1
スーツ/フォーマル/ドレス,1
マタニティ,1
その他,1
トップス,2
ジャケット/アウター,2
パンツ,2
靴,2
バッグ,2
スーツ,2
帽子,2
アクセサリー,2
小物,2
時計,2
水着,2
レッグウェア,2
アンダーウェア,2
その他,2
ベビー服(女の子用)  ~95cm,3
ベビー服(男の子用)  ~95cm,3
ベビー服(男女兼用)  ~95cm,3
キッズ服(女の子用) 100cm~,3
キッズ服(男の子用) 100cm~,3
キッズ服(男女兼用) 100cm~,3
キッズ靴,3
子ども用ファッション小物,3
おむつ/トイレ/バス,3
外出/移動用品,3
授乳/食事,3
ベビー家具/寝具/室内用品,3
おもちゃ,3
行事/記念品,3
その他,3
キッチン/食器,4
ベッド/マットレス,4
ソファ/ソファベッド,4
椅子/チェア,4
机/テーブル,4
収納家具,4
ラグ/カーペット/マット,4
カーテン/ブラインド,4
ライト/照明,4
寝具,4
インテリア小物,4
季節/年中行事,4
その他,4
本,5
漫画,5
雑誌,5
CD,5
DVD/ブルーレイ,5
レコード,5
テレビゲーム,5
おもちゃ,6
タレントグッズ,6
コミック/アニメグッズ,6
トレーディングカード,6
フィギュア,6
楽器/器材,6
コレクション,6
ミリタリー,6
美術品,6
アート用品,6
その他,6
ベースメイク,7
メイクアップ,7
ネイルケア,7
香水,7
スキンケア/基礎化粧品,7
ヘアケア,7
ボディケア,7
オーラルケア,7
リラクゼーション,7
ダイエット,7
その他,7
スマートフォン/携帯電話,8
スマホアクセサリー,8
PC/タブレット,8
カメラ,8
テレビ/映像機器,8
オーディオ機器,8
美容/健康,8
冷暖房/空調,8
生活家電,8
その他,8
ゴルフ,9
フィッシング,9
自転車,9
トレーニング/エクササイズ,9
野球,9
サッカー/フットサル,9
テニス,9
スノーボード,9
スキー,9
その他スポーツ,9
アウトドア,9
その他,9
アクセサリー(女性用),10
ファッション/小物,10
アクセサリー/時計,10
日用品/インテリア,10
趣味/おもちゃ,10
キッズ/ベビー,10
素材/材料,10
二次創作物,10
その他,10
音楽,11
スポーツ,11
演劇/芸能,11
イベント,11
映画,11
施設利用券,11
優待券/割引券,11
その他,11
自動車本体,12
自動車タイヤ/ホイール,12
自動車パーツ,12
自動車アクセサリー,12
オートバイ車体,12
オートバイパーツ,12
オートバイアクセサリー,12
まとめ売り,13
ペット用品,13
食品,13
飲料/酒,13
日用品/生活雑貨/旅行,13
アンティーク/コレクション,13
文房具/事務用品,13
事務/店舗用品,13
その他,13
Tシャツ/カットソー(半袖/袖なし),1/14
Tシャツ/カットソー(七分/長袖),1/14
シャツ/ブラウス(半袖/袖なし),1/14
シャツ/ブラウス(七分/長袖),1/14
ポロシャツ,1/14
キャミソール,1/14
タンクトップ,1/14
ホルターネック,1/14
ニット/セーター,1/14
チュニック,1/14
カーディガン/ボレロ,1/14
アンサンブル,1/14
ベスト/ジレ,1/14
パーカー,1/14
トレーナー/スウェット,1/14
ベアトップ/チューブトップ,1/14
ジャージ,1/14
その他,1/14
テーラードジャケット,1/15
ノーカラージャケット,1/15
Gジャン/デニムジャケット,1/15
レザージャケット,1/15
ダウンジャケット,1/15
ライダースジャケット,1/15
ミリタリージャケット,1/15
ダウンベスト,1/15
ジャンパー/ブルゾン,1/15
ポンチョ,1/15
ロングコート,1/15
トレンチコート,1/15
ダッフルコート,1/15
ピーコート,1/15
チェスターコート,1/15
モッズコート,1/15
スタジャン,1/15
毛皮/ファーコート,1/15
スプリングコート,1/15
スカジャン,1/15
その他,1/15
デニム/ジーンズ,1/16
ショートパンツ,1/16
カジュアルパンツ,1/16
ハーフパンツ,1/16
チノパン,1/16
ワークパンツ/カーゴパンツ,1/16
クロップドパンツ,1/16
サロペット/オーバーオール,1/16
オールインワン,1/16
サルエルパンツ,1/16
ガウチョパンツ,1/16
その他,1/16
ミニスカート,1/17
ひざ丈スカート,1/17
ロングスカート,1/17
キュロット,1/17
その他,1/17
ミニワンピース,1/18
ひざ丈ワンピース,1/18
ロングワンピース,1/18
その他,1/18
ハイヒール/パンプス,1/19
ブーツ,1/19
サンダル,1/19
スニーカー,1/19
ミュール,1/19
モカシン,1/19
ローファー/革靴,1/19
フラットシューズ/バレエシューズ,1/19
長靴/レインシューズ,1/19
その他,1/19
パジャマ,1/20
ルームウェア,1/20
ソックス,1/21
スパッツ/レギンス,1/21
ストッキング/タイツ,1/21
レッグウォーマー,1/21
その他,1/21
ニットキャップ/ビーニー,1/22
ハット,1/22
ハンチング/ベレー帽,1/22
キャップ,1/22
キャスケット,1/22
麦わら帽子,1/22
その他,1/22
ハンドバッグ,1/23
トートバッグ,1/23
エコバッグ,1/23
リュック/バックパック,1/23
ボストンバッグ,1/23
スポーツバッグ,1/23
ショルダーバッグ,1/23
クラッチバッグ,1/23
ポーチ/バニティ,1/23
ボディバッグ/ウェストバッグ,1/23
マザーズバッグ,1/23
メッセンジャーバッグ,1/23
ビジネスバッグ,1/23
旅行用バッグ/キャリーバッグ,1/23
ショップ袋,1/23
和装用バッグ,1/23
かごバッグ,1/23
その他,1/23
ネックレス,1/24
ブレスレット,1/24
バングル/リストバンド,1/24
リング,1/24
ピアス(片耳用),1/24
ピアス(両耳用),1/24
イヤリング,1/24
アンクレット,1/24
ブローチ/コサージュ,1/24
チャーム,1/24
その他,1/24
ヘアゴム/シュシュ,1/25
ヘアバンド/カチューシャ,1/25
ヘアピン,1/25
その他,1/25
長財布,1/26
折り財布,1/26
コインケース/小銭入れ,1/26
名刺入れ/定期入れ,1/26
キーケース,1/26
キーホルダー,1/26
手袋/アームカバー,1/26
ハンカチ,1/26
ベルト,1/26
マフラー/ショール,1/26
ストール/スヌード,1/26
バンダナ/スカーフ,1/26
ネックウォーマー,1/26
サスペンダー,1/26
サングラス/メガネ,1/26
モバイルケース/カバー,1/26
手帳,1/26
イヤマフラー,1/26
傘,1/26
レインコート/ポンチョ,1/26
ミラー,1/26
タバコグッズ,1/26
その他,1/26
腕時計(アナログ),1/27
腕時計(デジタル),1/27
ラバーベルト,1/27
レザーベルト,1/27
金属ベルト,1/27
その他,1/27
前髪ウィッグ,1/28
ロングストレート,1/28
ロングカール,1/28
ショートストレート,1/28
ショートカール,1/28
その他,1/28
浴衣,1/29
着物,1/29
振袖,1/29
長襦袢/半襦袢,1/29
水着セパレート,1/29
水着ワンピース,1/29
水着スポーツ用,1/29
その他,1/29
スカートスーツ上下,1/30
パンツスーツ上下,1/30
ドレス,1/30
パーティーバッグ,1/30
シューズ,1/30
ウェディング,1/30
その他,1/30
トップス,1/31
アウター,1/31
インナー,1/31
ワンピース,1/31
パンツ/スパッツ,1/31
スカート,1/31
パジャマ,1/31
授乳服,1/31
その他,1/31
コスプレ,1/32
下着,1/32
その他,1/32
Tシャツ/カットソー(半袖/袖なし),2/33
Tシャツ/カットソー(七分/長袖),2/33
シャツ,2/33
ポロシャツ,2/33
タンクトップ,2/33
ニット/セーター,2/33
パーカー,2/33
カーディガン,2/33
スウェット,2/33
ジャージ,2/33
ベスト,2/33
その他,2/33
テーラードジャケット,2/34
ノーカラージャケット,2/34
Gジャン/デニムジャケット,2/34
レザージャケット,2/34
ダウンジャケット,2/34
ライダースジャケット,2/34
ミリタリージャケット,2/34
ナイロンジャケット,2/34
フライトジャケット,2/34
ダッフルコート,2/34
ピーコート,2/34
ステンカラーコート,2/34
トレンチコート,2/34
モッズコート,2/34
チェスターコート,2/34
スタジャン,2/34
スカジャン,2/34
ブルゾン,2/34
マウンテンパーカー,2/34
ダウンベスト,2/34
ポンチョ,2/34
カバーオール,2/34
その他,2/34
デニム/ジーンズ,2/35
ワークパンツ/カーゴパンツ,2/35
スラックス,2/35
チノパン,2/35
ショートパンツ,2/35
ペインターパンツ,2/35
サルエルパンツ,2/35
オーバーオール,2/35
その他,2/35
スニーカー,2/36
サンダル,2/36
ブーツ,2/36
モカシン,2/36
ドレス/ビジネス,2/36
長靴/レインシューズ,2/36
デッキシューズ,2/36
その他,2/36
ショルダーバッグ,2/37
トートバッグ,2/37
ボストンバッグ,2/37
リュック/バックパック,2/37
ウエストポーチ,2/37
ボディーバッグ,2/37
ドラムバッグ,2/37
ビジネスバッグ,2/37
トラベルバッグ,2/37
メッセンジャーバッグ,2/37
エコバッグ,2/37
その他,2/37
スーツジャケット,2/38
スーツベスト,2/38
スラックス,2/38
セットアップ,2/38
その他,2/38
キャップ,2/39
ハット,2/39
ニットキャップ/ビーニー,2/39
ハンチング/ベレー帽,2/39
キャスケット,2/39
サンバイザー,2/39
その他,2/39
ネックレス,2/40
ブレスレット,2/40
バングル/リストバンド,2/40
リング,2/40
ピアス(片耳用),2/40
ピアス(両耳用),2/40
アンクレット,2/40
その他,2/40
長財布,2/41
折り財布,2/41
マネークリップ,2/41
コインケース/小銭入れ,2/41
名刺入れ/定期入れ,2/41
キーケース,2/41
キーホルダー,2/41
ネクタイ,2/41
手袋,2/41
ハンカチ,2/41
ベルト,2/41
マフラー,2/41
ストール,2/41
バンダナ,2/41
ネックウォーマー,2/41
サスペンダー,2/41
ウォレットチェーン,2/41
サングラス/メガネ,2/41
モバイルケース/カバー,2/41
手帳,2/41
ストラップ,2/41
ネクタイピン,2/41
カフリンクス,2/41
イヤマフラー,2/41
傘,2/41
レインコート,2/41
ミラー,2/41
タバコグッズ,2/41
その他,2/41
腕時計(アナログ),2/42
腕時計(デジタル),2/42
ラバーベルト,2/42
レザーベルト,2/42
金属ベルト,2/42
その他,2/42
一般水着,2/43
スポーツ用,2/43
アクセサリー,2/43
その他,2/43
ソックス,2/44
レギンス/スパッツ,2/44
レッグウォーマー,2/44
その他,2/44
トランクス,2/45
ボクサーパンツ,2/45
その他,2/45
トップス,3/47
アウター,3/47
パンツ,3/47
スカート,3/47
ワンピース,3/47
ベビードレス,3/47
おくるみ,3/47
下着/肌着,3/47
パジャマ,3/47
ロンパース,3/47
その他,3/47
トップス,3/48
アウター,3/48
パンツ,3/48
おくるみ,3/48
下着/肌着,3/48
パジャマ,3/48
ロンパース,3/48
その他,3/48
トップス,3/49
アウター,3/49
パンツ,3/49
おくるみ,3/49
下着/肌着,3/49
パジャマ,3/49
ロンパース,3/49
その他,3/49
コート,3/50
ジャケット/上着,3/50
トップス(Tシャツ/カットソー),3/50
トップス(トレーナー),3/50
トップス(チュニック),3/50
トップス(タンクトップ),3/50
トップス(その他),3/50
スカート,3/50
パンツ,3/50
ワンピース,3/50
セットアップ,3/50
パジャマ,3/50
フォーマル/ドレス,3/50
和服,3/50
浴衣,3/50
甚平,3/50
水着,3/50
その他,3/50
コート,3/51
ジャケット/上着,3/51
トップス(Tシャツ/カットソー),3/51
トップス(トレーナー),3/51
トップス(その他),3/51
パンツ,3/51
セットアップ,3/51
パジャマ,3/51
フォーマル/ドレス,3/51
和服,3/51
浴衣,3/51
甚平,3/51
水着,3/51
その他,3/51
コート,3/52
ジャケット/上着,3/52
トップス(Tシャツ/カットソー),3/52
トップス(トレーナー),3/52
トップス(その他),3/52
ボトムス,3/52
パジャマ,3/52
その他,3/52
スニーカー,3/53
サンダル,3/53
ブーツ,3/53
長靴,3/53
その他,3/53
靴下/スパッツ,3/54
帽子,3/54
エプロン,3/54
サスペンダー,3/54
タイツ,3/54
ハンカチ,3/54
バンダナ,3/54
ベルト,3/54
マフラー,3/54
傘,3/54
手袋,3/54
スタイ,3/54
バッグ,3/54
その他,3/54
おむつ用品,3/55
おまる/補助便座,3/55
トレーニングパンツ,3/55
ベビーバス,3/55
お風呂用品,3/55
その他,3/55
ベビーカー,3/56
抱っこひも/スリング,3/56
チャイルドシート,3/56
その他,3/56
ミルク,3/57
ベビーフード,3/57
ベビー用食器,3/57
その他,3/57
ベッド,3/58
布団/毛布,3/58
イス,3/58
たんす,3/58
その他,3/58
おふろのおもちゃ,3/59
がらがら,3/59
オルゴール,3/59
ベビージム,3/59
手押し車/カタカタ,3/59
知育玩具,3/59
その他,3/59
お宮参り用品,3/60
お食い初め用品,3/60
アルバム,3/60
手形/足形,3/60
その他,3/60
母子手帳用品,3/61
その他,3/61
食器,4/62
調理器具,4/62
収納/キッチン雑貨,4/62
弁当用品,4/62
カトラリー(スプーン等),4/62
テーブル用品,4/62
容器,4/62
エプロン,4/62
アルコールグッズ,4/62
浄水機,4/62
その他,4/62
セミシングルベッド,4/63
シングルベッド,4/63
セミダブルベッド,4/63
ダブルベッド,4/63
ワイドダブルベッド,4/63
クイーンベッド,4/63
キングベッド,4/63
脚付きマットレスベッド,4/63
マットレス,4/63
すのこベッド,4/63
ロフトベッド/システムベッド,4/63
簡易ベッド/折りたたみベッド,4/63
収納付き,4/63
その他,4/63
ソファセット,4/64
シングルソファ,4/64
ラブソファ,4/64
トリプルソファ,4/64
オットマン,4/64
コーナーソファ,4/64
ビーズソファ/クッションソファ,4/64
ローソファ/フロアソファ,4/64
ソファベッド,4/64
応接セット,4/64
ソファカバー,4/64
リクライニングソファ,4/64
その他,4/64
一般,4/65
スツール,4/65
ダイニングチェア,4/65
ハイバックチェア,4/65
ロッキングチェア,4/65
座椅子,4/65
折り畳みイス,4/65
デスクチェア,4/65
その他,4/65
こたつ,4/66
カウンターテーブル,4/66
サイドテーブル,4/66
センターテーブル,4/66
ダイニングテーブル,4/66
座卓/ちゃぶ台,4/66
アウトドア用,4/66
パソコン用,4/66
事務机/学習机,4/66
その他,4/66
リビング収納,4/67
キッチン収納,4/67
玄関/屋外収納,4/67
バス/トイレ収納,4/67
本収納,4/67
本/CD/DVD収納,4/67
洋服タンス/押入れ収納,4/67
電話台/ファックス台,4/67
ドレッサー/鏡台,4/67
棚/ラック,4/67
ケース/ボックス,4/67
その他,4/67
ラグ,4/68
カーペット,4/68
ホットカーペット,4/68
玄関/キッチンマット,4/68
トイレ/バスマット,4/68
その他,4/68
カーテン,4/69
ブラインド,4/69
ロールスクリーン,4/69
のれん,4/69
その他,4/69
蛍光灯/電球,4/70
天井照明,4/70
フロアスタンド,4/70
その他,4/70
布団/毛布,4/71
枕,4/71
シーツ/カバー,4/71
その他,4/71
ごみ箱,4/72
ウェルカムボード,4/72
オルゴール,4/72
クッション,4/72
クッションカバー,4/72
スリッパラック,4/72
ティッシュボックス,4/72
バスケット/かご,4/72
フォトフレーム,4/72
マガジンラック,4/72
モビール,4/72
花瓶,4/72
灰皿,4/72
傘立て,4/72
小物入れ,4/72
置時計,4/72
掛時計/柱時計,4/72
鏡(立て掛け式),4/72
鏡(壁掛け式),4/72
置物,4/72
風鈴,4/72
植物/観葉植物,4/72
その他,4/72
正月,4/73
成人式,4/73
バレンタインデー,4/73
ひな祭り,4/73
子どもの日,4/73
母の日,4/73
父の日,4/73
サマーギフト/お中元,4/73
夏/夏休み,4/73
ハロウィン,4/73
敬老の日,4/73
七五三,4/73
お歳暮,4/73
クリスマス,4/73
冬一般,4/73
その他,4/73
文学/小説,5/75
人文/社会,5/75
ノンフィクション/教養,5/75
地図/旅行ガイド,5/75
ビジネス/経済,5/75
健康/医学,5/75
コンピュータ/IT,5/75
趣味/スポーツ/実用,5/75
住まい/暮らし/子育て,5/75
アート/エンタメ,5/75
洋書,5/75
絵本,5/75
参考書,5/75
その他,5/75
全巻セット,5/76
少年漫画,5/76
少女漫画,5/76
青年漫画,5/76
女性漫画,5/76
同人誌,5/76
その他,5/76
アート/エンタメ/ホビー,5/77
ファッション,5/77
ニュース/総合,5/77
趣味/スポーツ,5/77
その他,5/77
邦楽,5/78
洋楽,5/78
アニメ,5/78
クラシック,5/78
K-POP/アジア,5/78
キッズ/ファミリー,5/78
その他,5/78
外国映画,5/79
日本映画,5/79
アニメ,5/79
TVドラマ,5/79
ミュージック,5/79
お笑い/バラエティ,5/79
スポーツ/フィットネス,5/79
キッズ/ファミリー,5/79
その他,5/79
邦楽,5/80
洋楽,5/80
その他,5/80
家庭用ゲーム本体,5/81
家庭用ゲームソフト,5/81
携帯用ゲーム本体,5/81
携帯用ゲームソフト,5/81
PCゲーム,5/81
その他,5/81
キャラクターグッズ,6/82
ぬいぐるみ,6/82
小物/アクセサリー,6/82
模型/プラモデル,6/82
ミニカー,6/82
トイラジコン,6/82
プラモデル,6/82
ホビーラジコン,6/82
鉄道模型,6/82
その他,6/82
アイドル,6/83
ミュージシャン,6/83
タレント/お笑い芸人,6/83
スポーツ選手,6/83
その他,6/83
ストラップ,6/84
キーホルダー,6/84
バッジ,6/84
カード,6/84
クリアファイル,6/84
ポスター,6/84
タオル,6/84
その他,6/84
遊戯王,6/85
マジック：ザ・ギャザリング,6/85
ポケモンカードゲーム,6/85
デュエルマスターズ,6/85
バトルスピリッツ,6/85
プリパラ,6/85
アイカツ,6/85
カードファイト!! ヴァンガード,6/85
ヴァイスシュヴァルツ,6/85
プロ野球オーナーズリーグ,6/85
ベースボールヒーローズ,6/85
ドラゴンボール,6/85
スリーブ,6/85
その他,6/85
コミック/アニメ,6/86
特撮,6/86
ゲームキャラクター,6/86
SF/ファンタジー/ホラー,6/86
アメコミ,6/86
スポーツ,6/86
ミリタリー,6/86
その他,6/86
エレキギター,6/87
アコースティックギター,6/87
ベース,6/87
エフェクター,6/87
アンプ,6/87
弦楽器,6/87
管楽器,6/87
鍵盤楽器,6/87
打楽器,6/87
和楽器,6/87
楽譜/スコア,6/87
レコーディング/PA機器,6/87
DJ機器,6/87
DTM/DAW,6/87
その他,6/87
武具,6/88
切手/官製はがき,6/88
貨幣/金貨/銀貨/記念硬貨,6/88
印刷物,6/88
ノベルティグッズ,6/88
その他,6/88
トイガン,6/89
個人装備,6/89
その他,6/89
陶芸,6/90
ガラス,6/90
漆芸,6/90
金属工芸,6/90
絵画/タペストリ,6/90
版画,6/90
彫刻/オブジェクト,6/90
書,6/90
写真,6/90
その他,6/90
画材,6/91
額縁,6/91
その他,6/91
トランプ/UNO,6/92
カルタ/百人一首,6/92
ダーツ,6/92
ビリヤード,6/92
麻雀,6/92
パズル/ジグソーパズル,6/92
囲碁/将棋,6/92
オセロ/チェス,6/92
人生ゲーム,6/92
野球/サッカーゲーム,6/92
スポーツ,6/92
三輪車/乗り物,6/92
ヨーヨー,6/92
模型製作用品,6/92
鉄道,6/92
航空機,6/92
アマチュア無線,6/92
パチンコ/パチスロ,6/92
その他,6/92
ファンデーション,7/93
化粧下地,7/93
コントロールカラー,7/93
BBクリーム,7/93
CCクリーム,7/93
コンシーラー,7/93
フェイスパウダー,7/93
トライアルセット/サンプル,7/93
その他,7/93
アイシャドウ,7/94
口紅,7/94
リップグロス,7/94
リップライナー,7/94
チーク,7/94
フェイスカラー,7/94
マスカラ,7/94
アイライナー,7/94
つけまつげ,7/94
アイブロウペンシル,7/94
パウダーアイブロウ,7/94
眉マスカラ,7/94
トライアルセット/サンプル,7/94
メイク道具/化粧小物,7/94
美顔用品/美顔ローラー,7/94
その他,7/94
ネイルカラー,7/95
カラージェル,7/95
ネイルベースコート/トップコート,7/95
ネイルアート用品,7/95
ネイルパーツ,7/95
ネイルチップ/付け爪,7/95
手入れ用具,7/95
除光液,7/95
その他,7/95
香水(女性用),7/96
香水(男性用),7/96
ユニセックス,7/96
ボディミスト,7/96
その他,7/96
化粧水/ローション,7/97
乳液/ミルク,7/97
美容液,7/97
フェイスクリーム,7/97
洗顔料,7/97
クレンジング/メイク落とし,7/97
パック/フェイスマスク,7/97
ジェル/ゲル,7/97
ブースター/導入液,7/97
アイケア,7/97
リップケア,7/97
トライアルセット/サンプル,7/97
洗顔グッズ,7/97
その他,7/97
シャンプー,7/98
トリートメント,7/98
コンディショナー,7/98
リンス,7/98
スタイリング剤,7/98
カラーリング剤,7/98
ブラシ,7/98
その他,7/98
オイル/クリーム,7/99
ハンドクリーム,7/99
ローション,7/99
日焼け止め/サンオイル,7/99
ボディソープ,7/99
入浴剤,7/99
制汗/デオドラント,7/99
フットケア,7/99
その他,7/99
口臭防止/エチケット用品,7/100
歯ブラシ,7/100
その他,7/100
エッセンシャルオイル,7/101
芳香器,7/101
お香/香炉,7/101
キャンドル,7/101
その他,7/101
ダイエット食品,7/102
エクササイズ用品,7/102
体重計,7/102
体脂肪計,7/102
その他,7/102
健康用品,7/103
看護/介護用品,7/103
救急/衛生用品,7/103
その他,7/103
スマートフォン本体,8/104
バッテリー/充電器,8/104
携帯電話本体,8/104
PHS本体,8/104
その他,8/104
Android用ケース,8/105
iPhone用ケース,8/105
カバー,8/105
イヤホンジャック,8/105
ストラップ,8/105
フィルム,8/105
自撮り棒,8/105
その他,8/105
タブレット,8/106
ノートPC,8/106
デスクトップ型PC,8/106
ディスプレイ,8/106
電子ブックリーダー,8/106
PC周辺機器,8/106
PCパーツ,8/106
その他,8/106
デジタルカメラ,8/107
ビデオカメラ,8/107
レンズ(単焦点),8/107
レンズ(ズーム),8/107
フィルムカメラ,8/107
防犯カメラ,8/107
その他,8/107
テレビ,8/108
プロジェクター,8/108
ブルーレイレコーダー,8/108
DVDレコーダー,8/108
ブルーレイプレーヤー,8/108
DVDプレーヤー,8/108
映像用ケーブル,8/108
その他,8/108
ポータブルプレーヤー,8/109
イヤフォン,8/109
ヘッドフォン,8/109
アンプ,8/109
スピーカー,8/109
ケーブル/シールド,8/109
ラジオ,8/109
その他,8/109
ヘアドライヤー,8/110
ヘアアイロン,8/110
美容機器,8/110
マッサージ機,8/110
電気シェーバー,8/110
電動歯ブラシ,8/110
その他,8/110
エアコン,8/111
空気清浄器,8/111
加湿器,8/111
扇風機,8/111
除湿機,8/111
ファンヒーター,8/111
電気ヒーター,8/111
オイルヒーター,8/111
ストーブ,8/111
ホットカーペット,8/111
こたつ,8/111
電気毛布,8/111
その他,8/111
冷蔵庫,8/112
洗濯機,8/112
炊飯器,8/112
電子レンジ/オーブン,8/112
調理機器,8/112
アイロン,8/112
掃除機,8/112
エスプレッソマシン,8/112
コーヒーメーカー,8/112
衣類乾燥機,8/112
その他,8/112
その他,8/113
クラブ,9/114
ウエア(男性用),9/114
ウエア(女性用),9/114
バッグ,9/114
シューズ(男性用),9/114
シューズ(女性用),9/114
アクセサリー,9/114
その他,9/114
ロッド,9/115
リール,9/115
ルアー用品,9/115
ウエア,9/115
釣り糸/ライン,9/115
その他,9/115
自転車本体,9/116
ウエア,9/116
パーツ,9/116
アクセサリー,9/116
バッグ,9/116
工具/メンテナンス,9/116
その他,9/116
ランニング,9/117
ウォーキング,9/117
ヨガ,9/117
トレーニング用品,9/117
その他,9/117
ウェア,9/118
シューズ,9/118
グローブ,9/118
バット,9/118
アクセサリー,9/118
防具,9/118
練習機器,9/118
記念グッズ,9/118
応援グッズ,9/118
その他,9/118
ウェア,9/119
シューズ,9/119
ボール,9/119
アクセサリー,9/119
記念グッズ,9/119
応援グッズ,9/119
その他,9/119
ラケット(硬式用),9/120
ラケット(軟式用),9/120
ウェア,9/120
シューズ,9/120
ボール,9/120
アクセサリー,9/120
記念グッズ,9/120
応援グッズ,9/120
その他,9/120
ボード,9/121
バインディング,9/121
ブーツ(男性用),9/121
ブーツ(女性用),9/121
ブーツ(子ども用),9/121
ウエア/装備(男性用),9/121
ウエア/装備(女性用),9/121
ウエア/装備(子ども用),9/121
アクセサリー,9/121
バッグ,9/121
その他,9/121
板,9/122
ブーツ(男性用),9/122
ブーツ(女性用),9/122
ブーツ(子ども用),9/122
ビンディング,9/122
ウエア(男性用),9/122
ウエア(女性用),9/122
ウエア(子ども用),9/122
ストック,9/122
その他,9/122
ダンス/バレエ,9/123
サーフィン,9/123
バスケットボール,9/123
バドミントン,9/123
バレーボール,9/123
スケートボード,9/123
陸上競技,9/123
ラグビー,9/123
アメリカンフットボール,9/123
ボクシング,9/123
ボウリング,9/123
その他,9/123
テント/タープ,9/124
ライト/ランタン,9/124
寝袋/寝具,9/124
テーブル/チェア,9/124
ストーブ/コンロ,9/124
調理器具,9/124
食器,9/124
登山用品,9/124
その他,9/124
旅行用品,9/125
その他,9/125
ピアス,10/126
イヤリング,10/126
ネックレス,10/126
ブレスレット,10/126
リング,10/126
チャーム,10/126
ヘアゴム,10/126
アンクレット,10/126
その他,10/126
バッグ(女性用),10/127
バッグ(男性用),10/127
財布(女性用),10/127
財布(男性用),10/127
ファッション雑貨,10/127
その他,10/127
アクセサリー(男性用),10/128
時計(女性用),10/128
時計(男性用),10/128
その他,10/128
キッチン用品,10/129
家具,10/129
文房具,10/129
アート/写真,10/129
アロマ/キャンドル,10/129
フラワー/ガーデン,10/129
その他,10/129
クラフト/布製品,10/130
おもちゃ/人形,10/130
その他,10/130
ファッション雑貨,10/131
スタイ/よだれかけ,10/131
外出用品,10/131
ネームタグ,10/131
その他,10/131
各種パーツ,10/132
生地/糸,10/132
型紙/パターン,10/132
その他,10/132
Ingress,10/133
クリエイターズ宇宙兄弟,10/133
男性アイドル,11/135
女性アイドル,11/135
韓流,11/135
国内アーティスト,11/135
海外アーティスト,11/135
音楽フェス,11/135
声優/アニメ,11/135
その他,11/135
サッカー,11/136
野球,11/136
テニス,11/136
格闘技/プロレス,11/136
相撲/武道,11/136
ゴルフ,11/136
バレーボール,11/136
バスケットボール,11/136
モータースポーツ,11/136
ウィンタースポーツ,11/136
その他,11/136
ミュージカル,11/137
演劇,11/137
伝統芸能,11/137
落語,11/137
お笑い,11/137
オペラ,11/137
サーカス,11/137
バレエ,11/137
その他,11/137
声優/アニメ,11/138
キッズ/ファミリー,11/138
トークショー/講演会,11/138
その他,11/138
邦画,11/139
洋画,11/139
その他,11/139
遊園地/テーマパーク,11/140
美術館/博物館,11/140
スキー場,11/140
ゴルフ場,11/140
フィットネスクラブ,11/140
プール,11/140
ボウリング場,11/140
水族館,11/140
動物園,11/140
その他,11/140
ショッピング,11/141
レストラン/食事券,11/141
フード/ドリンク券,11/141
宿泊券,11/141
その他,11/141
国内自動車本体,12/143
外国自動車本体,12/143
タイヤ/ホイールセット,12/144
タイヤ,12/144
ホイール,12/144
その他,12/144
サスペンション,12/145
ブレーキ,12/145
外装、エアロパーツ,12/145
ライト,12/145
内装品、シート,12/145
ステアリング,12/145
マフラー・排気系,12/145
エンジン、過給器、冷却装置,12/145
クラッチ、ミッション、駆動系,12/145
電装品,12/145
補強パーツ,12/145
汎用パーツ,12/145
外国自動車用パーツ,12/145
その他,12/145
車内アクセサリー,12/146
カーナビ,12/146
カーオーディオ,12/146
車外アクセサリー,12/146
メンテナンス用品,12/146
チャイルドシート,12/146
ドライブレコーダー,12/146
レーダー探知機,12/146
カタログ/マニュアル,12/146
セキュリティ,12/146
ETC,12/146
その他,12/146
タイヤ,12/148
マフラー,12/148
エンジン、冷却装置,12/148
カウル、フェンダー、外装,12/148
サスペンション,12/148
ホイール,12/148
シート,12/148
ブレーキ,12/148
タンク,12/148
ライト、ウィンカー,12/148
チェーン、スプロケット、駆動系,12/148
メーター,12/148
電装系,12/148
ミラー,12/148
外国オートバイ用パーツ,12/148
その他,12/148
ヘルメット/シールド,12/149
バイクウエア/装備,12/149
アクセサリー,12/149
メンテナンス,12/149
カタログ/マニュアル,12/149
その他,12/149
ペットフード,13/151
犬用品,13/151
猫用品,13/151
魚用品/水草,13/151
小動物用品,13/151
爬虫類/両生類用品,13/151
かご/おり,13/151
鳥用品,13/151
虫類用品,13/151
その他,13/151
菓子,13/152
米,13/152
野菜,13/152
果物,13/152
調味料,13/152
魚介類(加工食品),13/152
肉類(加工食品),13/152
その他 加工食品,13/152
その他,13/152
コーヒー,13/153
ソフトドリンク,13/153
ミネラルウォーター,13/153
茶,13/153
ウイスキー,13/153
ワイン,13/153
ブランデー,13/153
焼酎,13/153
日本酒,13/153
ビール、発泡酒,13/153
その他,13/153
タオル/バス用品,13/154
日用品/生活雑貨,13/154
洗剤/柔軟剤,13/154
旅行用品,13/154
防災関連グッズ,13/154
その他,13/154
雑貨,13/155
工芸品,13/155
家具,13/155
印刷物,13/155
その他,13/155
筆記具,13/156
ノート/メモ帳,13/156
テープ/マスキングテープ,13/156
カレンダー/スケジュール,13/156
アルバム/スクラップ,13/156
ファイル/バインダー,13/156
はさみ/カッター,13/156
カードホルダー/名刺管理,13/156
のり/ホッチキス,13/156
その他,13/156
オフィス用品一般,13/157
オフィス家具,13/157
店舗用品,13/157
OA機器,13/157
ラッピング/包装,13/157
その他,13/157
